model,features,class,precision,recall,support
NN,F1,Home win,0.5939,0.8291,351
NN,F1,Draw,0.0000,0.0000,188
NN,F1,Home loss,0.5451,0.6591,220
SVM (poly5),F1,Home win,0.4979,0.9943,351
SVM (poly5),F1,Draw,0.0000,0.0000,188
SVM (poly5),F1,Home loss,0.7931,0.2091,220
SVM (linear),F3,Home win,0.6082,0.7208,351
SVM (linear),F3,Draw,0.3333,0.1809,188
SVM (linear),F3,Home loss,0.4855,0.5318,220
SVM (RBF),F3,Home win,0.5703,0.8319,351
SVM (RBF),F3,Draw,0.3810,0.0851,188
SVM (RBF),F3,Home loss,0.5561,0.5182,220
