model,features,n_features,train_acc,test_acc,recall_win,recall_draw,recall_loss,draws_predicted,seconds,note
GDA,F1,2,0.5703,0.5705,0.8405,0.0000,0.6273,0,0.0,
GDA,F2,10,0.5703,0.5362,0.7778,0.0372,0.5773,42,0.0,
GDA,F3,154,,,,,,,0.0,failed: singular class covariance matrix
SVM (linear),F1,2,0.5699,0.5692,0.8462,0.0000,0.6136,0,0.2,
SVM (linear),F2,10,0.5693,0.5731,0.8291,0.0053,0.6500,1,0.4,
SVM (linear),F3,154,0.6168,0.5323,0.7208,0.1809,0.5318,102,6.2,
SVM (poly5),F1,2,0.5139,0.5204,0.9943,0.0000,0.2091,0,5.7,
SVM (poly5),F2,10,0.5983,0.5204,0.9459,0.0213,0.2682,25,0.5,
SVM (poly5),F3,154,0.7385,0.4901,0.9715,0.0106,0.1318,5,1.1,
SVM (RBF),F1,2,0.5689,0.5665,0.8462,0.0000,0.6045,0,0.6,
SVM (RBF),F2,10,0.5930,0.5573,0.8234,0.0106,0.6000,13,0.6,
SVM (RBF),F3,154,0.7800,0.5560,0.8319,0.0851,0.5182,42,1.5,
SoftMax (linear),F1,2,0.5712,0.5679,0.8291,0.0000,0.6364,0,0.0,
SoftMax (linear),F2,10,0.5686,0.5692,0.8205,0.0160,0.6409,9,0.0,
SoftMax (linear),F3,154,0.5983,0.5349,0.7350,0.1809,0.5182,105,0.1,
SoftMax (quad.),F1,2,0.5693,0.5744,0.8348,0.0000,0.6500,0,0.0,
SoftMax (quad.),F2,10,0.5841,0.5428,0.7892,0.0638,0.5591,55,0.1,
SoftMax (quad.),F3,154,,,,,,,,"not run (about 12,000 quadratic features; the paper also stopped it)"
NN,F1,2,0.5735,0.5744,0.8291,0.0000,0.6591,3,8.0,hidden nodes = 4
NN,F2,10,0.5676,0.5705,0.8120,0.0372,0.6409,23,3.0,hidden nodes = 8
NN,F3,154,0.6313,0.5375,0.7436,0.1170,0.5682,68,34.1,hidden nodes = 4
